epoch,total loss,F1,accuracy
0,0.89565,0.61625,0.612
1,0.65182,0.62128,0.67111
2,0.5994,0.69217,0.69378
3,0.57243,0.6859,0.70489
4,0.54047,0.69585,0.70622
5,0.51637,0.70844,0.71689
6,0.49417,0.71005,0.72178
7,0.47493,0.71371,0.71822
8,0.45815,0.71855,0.72756
