epoch,total loss,F1,accuracy
0,0.89565,0.61625,0.612
1,0.65182,0.62128,0.67111
