{
  "f1": 0.80473,
  "accuracy": 0.80222,
  "cm": [
    [
      494,
      79,
      82
    ],
    [
      135,
      697,
      25
    ],
    [
      109,
      15,
      614
    ]
  ]
}