{
  "f1": 0.86054,
  "accuracy": 0.86124,
  "cm": [
    [
      2694,
      571,
      235
    ],
    [
      206,
      3281,
      13
    ],
    [
      226,
      206,
      3068
    ]
  ]
}