{
  "f1": 0.77382,
  "accuracy": 0.77111,
  "cm": [
    [
      458,
      91,
      106
    ],
    [
      143,
      685,
      29
    ],
    [
      128,
      18,
      592
    ]
  ]
}