{
  "f1": 0.77382,
  "accuracy": 0.77111,
  "cm": [
    [
      685,
      29,
      143
    ],
    [
      18,
      592,
      128
    ],
    [
      91,
      106,
      458
    ]
  ]
}